cell_group,gene_id,gene_short_name,fraction_expressing,mean_expression,specificity
Transition,ENSMUSG00000033208,S100b,0.08778625954198473,0.17233175302670337,0.40911705336414594
Transition,ENSMUSG00000023019,Gpd1,0.17640225688682376,0.38552212694806326,0.34371742971553176
Transition,ENSMUSG00000049612,Omg,0.1355791569863923,0.16484811480185924,0.3226464608940486
Transition,ENSMUSG00000027967,Neurog2,0.18088284102223698,0.2650448442011263,0.31920575764882286
Transition,ENSMUSG00000036560,Lgi4,0.05609027547295055,0.052734092331018896,0.3105696723480432
Transition,ENSMUSG00000050711,Scg2,0.14802522402920676,0.21669075408545252,0.30098175453619325
