cell_group,gene_id,gene_short_name,fraction_expressing,mean_expression,specificity
ProL_early,ENSMUSG00000041828,Abca8a,0.07993019197207679,0.09237752094744162,0.42192180763463494
ProL_early,ENSMUSG00000048001,Hes5,0.17905759162303664,0.23244971297986028,0.4179807389445849
ProL_early,ENSMUSG00000028339,Col15a1,0.2244328097731239,0.33746789761744367,0.39641537287574613
ProL_early,ENSMUSG00000023034,Nr4a1,0.07504363001745201,0.05561488078780556,0.379957770276914
ProL_early,ENSMUSG00000052854,Nrk,0.05794066317626527,0.06396133238376223,0.34604441079794335
ProL_early,ENSMUSG00000003545,Fosb,0.16404886561954624,0.2084381614310409,0.3329872332959837
ProL_early,ENSMUSG00000032649,Colgalt2,0.07155322862129145,0.06555345390065956,0.3055979341323545
ProL_early,ENSMUSG00000002985,Apoe,0.881326352530541,11.286811604448177,0.30469722625370876
ProL_early,ENSMUSG00000006369,Fbln1,0.059336823734729496,0.07244176317028025,0.3021971432396241
