cell_group,gene_id,gene_short_name,fraction_expressing,mean_expression,specificity
ProL_late,ENSMUSG00000031962,Cdh15,0.08781091108973478,0.11882859279252528,0.4161890852114576
ProL_late,ENSMUSG00000078949,R3hdml,0.7039989006458706,4.555702313263118,0.3933266368377435
ProL_late,ENSMUSG00000032092,Mpzl2,0.32114882506527415,0.5353937496657171,0.37666276234627616
ProL_late,ENSMUSG00000076275,Mir675,0.0798405936512299,0.10140369012312066,0.3550998294407678
ProL_late,ENSMUSG00000016756,Cmah,0.06637350556548029,0.06820980336093004,0.3417129553528303
ProL_late,ENSMUSG00000032744,Heyl,0.24749209839219458,0.4580289487785284,0.324643188965435
ProL_late,ENSMUSG00000026185,Igfbp5,0.5109248316613989,3.423437005162978,0.31165398976856673
ProL_late,ENSMUSG00000006360,Crip1,0.556135770234987,1.7155678998143815,0.30969076091886705
